Nstations,ETime,sdTime,lbTime,ubTime,ETimeM4,ETimeM12,ETimeM36
11,138.9863667,57.85401595,60.87917255,215.7688035,138.3956222,128.711404,59.07756519
12,129.4295335,52.70852784,59.24286837,199.9977656,128.8974747,129.4295335,59.1723093
13,120.4906909,48.61263728,55.54202078,185.129531,119.7825576,120.4906909,59.59542362
14,113.2623961,45.42388787,52.70366778,174.2498553,112.3797198,113.166648,59.67350037
15,107.402539,42.58698059,50.11466077,163.8469277,106.5283232,107.1845261,60.00228643
16,102.3960867,39.66789851,50.16836479,154.5463374,101.2417927,101.7197071,60.56727763
17,98.15339617,37.79565812,48.0086755,147.7165468,96.79484987,97.27198136,60.67994966
18,93.98643497,36.13824037,46.22705958,140.7060905,92.63632571,93.12307015,60.88524344
19,90.44959989,34.77440066,44.23987134,135.5239034,88.90584248,89.54364619,61.51623452
20,87.79009341,33.45305171,43.64744163,131.4053114,85.89054662,86.0725168,62.08739445
21,85.4164811,32.24961068,43.27906937,127.1979298,83.51674517,83.60636554,62.33719397
22,83.31770311,31.3152088,42.66728853,123.7125387,81.10582322,81.41806607,62.85176255
23,81.1150301,30.32130957,41.34374843,121.0174095,78.7069328,78.38647539,63.07897316
24,78.87939566,29.58125617,40.48300335,117.0716432,76.55475532,75.71228986,63.60124661
25,77.35174147,29.17573628,39.25751243,115.597518,74.40059703,73.99755443,63.64535837
26,75.95717562,28.40660936,39.18325794,112.9592903,72.70019268,72.17373135,64.28898082
27,74.56915247,28.31704582,37.84820925,111.6333783,71.33263765,70.646595,64.43236763
28,73.05050448,27.80324534,37.12006419,109.6979899,69.52378125,68.53427187,65.16557823
29,72.18314623,27.49930422,37.00290276,108.4758069,68.27134959,67.44796951,65.53768704
30,71.60240976,27.35963579,36.6443629,108.2804441,67.58085862,66.21171757,65.85849027
31,70.49943166,27.24885773,35.63522488,106.57329,66.38248229,64.55778513,66.05643625
32,69.51131583,27.02149888,34.89481188,105.7755978,64.93831397,63.22013104,66.62615926
33,68.71505292,26.53056757,35.15247562,104.8808715,64.04923574,62.12630631,66.52694177
34,68.07588575,26.72138645,34.42815896,104.068093,63.08059064,60.94210952,66.78908947
35,67.40908766,26.53108477,33.51439039,103.2022492,62.18186509,59.84909364,67.00549212
36,66.92846679,26.66557004,33.30965615,103.6822947,61.5661291,59.26034032,66.92846679
37,66.31077272,26.74645909,32.90960131,102.7537196,60.6382396,58.17408514,66.31077272
38,66.16544834,26.87111787,32.44228172,102.9483531,60.29231067,57.34584031,66.07128483
39,65.35991072,26.63870172,32.41018125,101.7362216,59.22271289,56.52861592,65.10800539
40,65.19186676,26.8223875,31.38724639,101.9447133,58.74188993,56.0260481,64.7054281
41,64.84413641,27.0672388,31.50469223,102.4978306,58.04560034,55.20196451,64.07835995
42,64.89200983,27.19673218,31.39698357,103.0968352,58.03466564,54.90449362,63.87490561
43,64.27891723,27.30959447,30.51802152,102.7273772,57.13299669,54.01034974,62.97203199
44,63.95162309,27.41230963,30.27799576,102.4884531,56.59090475,53.65289731,62.3248554
45,63.718007,27.20341755,30.13651349,101.6201657,56.33019384,52.54483202,61.91156347
46,63.32284071,27.50474347,29.79361534,101.9476305,55.52943542,52.05075775,60.95368367
47,63.17842785,27.72813858,29.07325101,102.4956892,55.13335283,51.39804777,60.6676523
48,63.00827004,27.78410267,29.13790051,102.4851324,55.06971499,50.97953763,60.15989732
49,63.0574746,28.01142806,28.88955529,102.7484611,54.52190869,50.4821945,59.74099525
50,63.0224132,28.34012191,28.66216254,103.138631,54.12260347,50.04027171,59.5019832
51,63.09413004,28.60903469,28.07007089,103.6401702,54.03104504,49.61627663,58.97931598
52,61.96837831,28.37913201,27.90892352,102.2570867,53.20742504,48.78693696,57.55950994
53,62.51104724,28.61087401,28.01824689,103.7847207,53.11500112,48.67160739,57.69178934
54,62.92787334,28.99837176,27.47795358,104.2431611,53.38275748,48.48687528,58.25601165
55,62.83639617,29.09523721,27.56635543,104.2893187,53.1672433,48.15196043,57.62827724
56,62.63210094,29.08291369,27.53968696,104.3713861,52.86808915,47.67524288,57.12554771
57,62.59058019,29.65115325,27.1759791,105.4920723,52.46588634,47.18287683,56.72004291
58,62.30910117,29.4864746,26.93812249,104.5815582,52.00055215,46.85415582,56.09544228
59,62.33556678,29.69666394,26.52357607,105.1873846,51.69267828,46.50558076,55.9378332
60,62.47243117,29.98568866,26.54099647,105.7977133,51.6785245,46.2512394,55.53706788
61,61.84689693,29.95401062,26.08002588,105.2229,51.32358932,45.59898576,54.87047389
62,62.85254621,30.71965284,26.11984497,107.8688378,51.64787414,45.95150787,55.13178936
63,62.51127867,30.64895059,26.05625863,106.9052796,51.18547858,45.49903718,54.75790186
64,62.40360071,30.58914062,26.13009174,107.0726588,50.86777644,45.15092056,54.37207991
65,62.64218469,30.99435399,25.71376598,107.4962217,50.81671193,45.02922091,54.02220295
66,63.12402431,31.70982233,25.46712396,109.2325481,50.8218384,45.04131961,53.88324248
67,63.17223271,31.46715447,25.73067638,108.893191,50.80874253,44.82672339,53.83355675
68,62.71949932,31.56346192,25.63698288,108.5887722,50.63685266,44.45521658,53.1190696
69,62.93686373,31.62121818,25.32944936,109.2665759,50.41105632,43.92498225,53.04098864
70,62.78238131,31.95821036,24.85234839,109.1742548,50.07951479,43.68090232,52.47867514
71,63.49988458,32.64617673,24.60747076,111.1906612,50.27680045,43.74249755,52.74460604
72,63.32108101,32.64587123,24.39224128,110.8460711,50.07418075,43.32960784,52.08253493
73,63.86235987,32.8803365,25.11581486,112.1282705,50.23597181,43.41759012,52.3741604
74,64.08558927,33.2192707,24.55802168,112.4520836,50.11983089,43.27408183,52.31161618
75,63.78905022,33.45310293,24.24637368,113.1916959,49.87060987,42.73598798,51.89792844
76,63.82368282,33.40568975,24.60420259,112.9029042,49.74023302,42.63259708,51.47265318
77,63.59134264,33.50168252,24.0619548,112.5218894,49.4756896,42.2430776,51.01125653
78,64.49330369,33.98569022,24.0113447,113.8869664,49.88133936,42.36748424,51.32879796
79,64.71016787,34.26620563,24.06427584,114.8979962,49.90144423,42.25090712,51.13426704
80,63.8855996,34.18123886,23.66696804,114.2068533,49.28390087,41.62969587,50.47727585
81,64.63960859,34.66076123,23.61798362,115.9905432,49.50236636,41.82331782,50.62508616
82,64.73973022,34.68156429,23.56883725,115.8033945,49.46628474,41.60257569,50.50266335
83,65.09514078,35.22016813,23.14485443,116.8912379,49.5119877,41.48353859,50.27110209
84,64.5641916,35.02489025,22.99477704,115.8785304,49.3662235,41.4215772,49.79962166
85,65.25004953,35.41982171,23.29357537,117.6132216,49.49342539,41.38886898,49.9885058
86,65.03285305,35.63031447,23.15850925,117.3216307,49.11912503,41.06441474,49.49989529
87,65.6254679,35.99651532,22.89185353,118.9248595,49.42483108,41.24415425,49.56399789
88,65.39345169,35.70029278,23.1867065,118.1919704,49.14593565,40.80279149,49.14609509
89,65.89092187,36.18812092,23.12615757,119.2125982,49.3643233,40.77692053,49.38803526
90,66.05147428,36.43783624,22.69929782,120.1584981,49.54777287,40.69586561,49.24676197
91,66.21402677,36.48588655,23.23983764,119.8355968,49.32083898,40.73309604,49.0053567
92,65.70228056,36.52562083,22.73217575,119.7363869,49.12922615,40.26093428,48.55229136
93,66.53411098,37.32979878,22.43265094,121.7283687,49.24479171,40.3397313,48.64479887
94,66.47185732,37.0941784,22.72054847,121.6205788,49.10351514,40.14270554,48.50945644
95,66.90725893,37.77658434,22.36677848,122.4788124,49.24794038,40.22425641,48.42078681
96,66.88684497,37.59328523,22.3718241,122.0726738,49.21559888,40.02427255,48.17282501
97,66.91256699,38.00146368,22.28003982,123.2304555,49.03863996,39.77188367,47.89780022
98,67.54476425,38.23066332,22.20711117,124.3633911,49.33412051,39.92048768,48.12703777
99,67.41994342,38.57242797,21.99104248,124.7212019,49.15992836,39.79992601,47.79800307
100,67.63985071,38.44652201,21.95147127,124.2409954,49.11650613,39.47524626,47.59790742
101,67.65452188,38.52597244,21.74053191,124.4380372,49.17047007,39.41933047,47.45849314
102,68.07415001,39.24228177,21.71862919,126.2581678,49.16834323,39.45396083,47.48951879
103,68.01400672,39.52050326,21.3716671,126.6495686,49.13011927,39.33339825,47.23860697
104,68.80213162,39.50472729,21.73619234,126.9998558,49.35590463,39.47113586,47.47623798
105,68.53723596,39.59281574,21.56464069,127.023205,49.36336816,39.10914349,47.12945715
106,68.82313379,39.67619835,21.77653921,126.709462,49.32965307,39.24472572,47.04584547
107,68.88914539,39.98813634,21.21908899,128.2724387,49.37089386,39.03981209,46.75356302
108,69.13284371,40.11798731,21.60570586,129.2953721,49.42702843,39.00857305,46.73770388
109,69.167532,40.38901591,21.07979126,128.8892586,49.3045425,38.88198562,46.6237562
110,69.50340891,40.75182714,21.34545146,129.7088131,49.26714892,38.90383291,46.52461242
111,69.32615805,40.91735409,21.39906958,130.090688,49.08013729,38.83976555,46.27808422
112,69.48232238,41.01507103,21.12538476,129.9432776,49.13832953,38.60128227,46.32998246
113,70.32113035,41.2717386,21.31638524,131.5165704,49.36337546,38.77133239,46.49404597
114,70.38753444,41.41760707,21.17707636,131.8120658,49.63509241,38.73363469,46.3819567
115,70.29992886,41.65044902,20.82390138,131.6639102,49.23000106,38.41602898,46.16266131
116,70.4885674,41.81646107,21.05957872,132.3557768,49.69476197,38.48521066,46.0686397
117,71.00566065,42.1123316,20.70277273,133.2822955,49.61726059,38.42919107,46.15997098
118,71.20242194,42.52170721,20.84134884,133.9378632,49.59140488,38.40314072,45.97888985
119,71.73725991,42.63477518,21.20747668,135.1861505,49.74144884,38.43345464,46.23527675
120,71.15779845,42.80288645,20.69754098,134.5249312,49.62456976,38.22572803,45.60054209
121,71.57569803,42.5934828,21.23036931,134.6349056,49.88325963,38.27790611,45.84057723
122,71.80363355,42.98024336,20.6404079,135.449246,49.69330081,38.11476706,45.71411869
123,72.35058092,43.43693079,21.17534948,136.2825038,49.96617525,38.19360369,45.72838553
124,72.10561389,43.3435502,20.49284976,136.022945,49.58170345,38.08692135,45.60772766
125,72.04233096,43.61703826,20.48567278,136.6721709,49.49525779,37.91220568,45.52095902
126,72.80127807,43.83319945,20.99822487,138.2536191,50.05724916,38.13423076,45.55698094
127,73.23157338,44.02982048,20.74061532,137.9388571,50.17157374,38.03254134,45.7073099
128,73.15506136,44.52547681,20.43314862,138.4599479,50.00932985,37.94099635,45.37906924
129,73.27489655,44.48483024,20.9704688,139.7675282,50.04235856,37.95308317,45.32451926
130,73.72609439,44.72691716,20.46438473,139.8726917,50.02055162,37.88962342,45.3011231
131,74.45484215,44.92296648,21.01216603,141.3454522,50.34941875,38.12236713,45.45871656
132,74.62095039,45.06594933,20.62419399,141.680267,50.61592461,37.97241988,45.61367394
133,73.89427356,45.0053887,20.43247171,141.0572162,50.24833016,37.86393088,44.92412178
134,74.77485749,45.49997456,20.78848995,142.6763408,50.46486092,37.81929153,45.10479895
135,74.34823307,45.76458013,20.45540636,141.7131031,50.29139909,37.71014074,44.82071478
136,74.57094015,45.69278615,20.11267008,142.7629453,50.2772922,37.68927171,44.97991691
137,74.81328802,46.09986077,20.06497933,143.2594822,50.23446566,37.45194178,44.77034271
138,75.25091313,46.38225662,20.07413751,144.7495024,50.27929706,37.56407518,44.84072447
139,75.23420809,46.17614562,20.25613971,143.5288191,50.56175112,37.60201008,44.61284912
140,75.95176777,47.13187096,19.91617659,145.6905551,50.56383145,37.56103103,44.91003989
141,75.59839236,46.71401248,20.20998993,145.2682289,50.56877385,37.44571729,44.49701185
142,75.76253769,46.64810973,20.36248392,145.3410984,50.59744712,37.35402893,44.31249795
143,76.30252286,47.083841,20.51974023,146.021198,50.64893275,37.48080033,44.46552956
144,75.95561922,47.28591477,19.79638111,146.0175656,50.41286527,37.26045624,44.22308061
145,76.75489689,47.78451024,19.9233298,146.7288419,50.9199719,37.38600535,44.4032022
146,76.70593492,47.50297563,20.3021227,146.5844069,50.87842965,37.27959443,44.30858506
147,77.56276423,48.23374493,19.94619079,148.8645096,51.01667278,37.42702584,44.52722428
148,77.34843214,48.49988848,19.77385275,149.2324634,50.88469119,37.31599899,44.36346868
149,77.16844535,48.28294691,19.93649766,149.2406858,51.0046905,37.09721222,44.14408705
150,77.84153498,48.79622141,20.27341669,150.9348888,51.24212839,37.2554808,44.21631816
151,78.57744481,48.61207681,20.13241464,149.7579145,51.18776087,37.43373716,44.35956587
152,78.09287065,49.04196093,20.25208925,151.4880917,51.35985649,37.25533628,44.19304442
153,79.01894701,49.34778701,20.20463705,151.7660606,51.67514332,37.52739538,44.32407241
154,79.56267205,49.3724082,20.34970376,152.2640419,51.71548317,37.5350702,44.33354603
155,78.85365548,49.64634716,19.45593458,153.2506833,51.39109436,37.15536977,43.96417623
156,78.99889611,49.55357486,20.14300296,153.4236642,51.55506512,37.11005342,43.91424915
157,78.25408674,49.48571569,19.52304914,151.4180906,51.10744976,36.92632904,43.45202152
158,79.67297083,49.7968253,20.71137255,153.8579572,51.89170178,37.3333725,43.96772338
159,80.4652788,50.51827478,20.20402902,155.6739783,52.03518724,37.27120279,44.24631678
160,79.98192472,50.12397406,20.19046984,153.8122006,51.71116724,37.04954758,43.77763075
161,81.0887751,50.72843351,19.82618373,155.967122,51.9969243,37.29770699,44.13640249
162,80.7538714,50.38331995,20.47746752,155.0170406,52.32706949,37.24432002,43.86783775
163,79.95724573,51.07197762,19.93084086,155.2363013,51.61495824,36.87374669,43.42065199
164,80.31114673,50.74760902,19.80602905,156.0502563,51.86190385,36.98080729,43.40059007
165,80.84506098,50.99592012,20.03419959,156.7112754,52.06045483,36.9954506,43.48530402
166,81.01636387,51.64488078,19.74315433,157.8379751,51.92107547,36.95062135,43.42784249
167,81.59730516,52.00878897,19.46254024,159.3263126,51.94429503,36.95237796,43.47860017
168,81.26169985,51.69085122,19.83689432,158.2659307,52.1695908,36.88277213,43.26972609
169,81.8747168,52.27562925,19.99034842,160.5364702,52.17476649,37.12219146,43.44643054
170,82.55701798,52.49540534,20.01886637,160.993757,52.53571395,37.10268266,43.57656229
171,81.93360135,52.70612457,19.59350434,160.6168489,52.18690904,36.72430908,43.13671889
172,81.85889224,52.36083741,20.03663247,159.6451579,52.12757824,36.85878857,43.02862069
173,83.31863155,52.9093012,19.99081023,161.0941511,52.80336675,37.19905475,43.46118469
174,83.14688402,53.08552251,19.61951038,162.6952665,52.48652531,36.95889245,43.28789059
175,83.73533586,53.4883422,19.84133926,163.0211787,52.93071354,37.10803977,43.47268139
176,83.66274074,53.17004282,20.45948784,162.091919,53.01458674,37.0624165,43.24464804
177,83.38622997,53.09393134,19.72693667,161.7043893,52.73384433,36.84149731,42.97779472
178,84.19555756,53.90463287,19.78353668,164.5801787,53.08360964,37.09467561,43.26538599
179,84.10654288,53.99716363,20.09297673,164.8784527,53.02706927,36.95649937,43.1062287
180,83.72184378,53.51525575,19.80959742,163.841115,53.1720208,36.84088572,42.8338761
181,84.4318055,54.24612397,19.42741564,165.2362454,53.21859839,36.86012595,42.96468963
182,85.2292141,54.45707603,19.91351736,165.8399834,53.50271397,36.96805785,43.20512926
183,84.94190085,54.50790194,19.66360308,164.7628171,53.28826604,36.94271476,43.03091388
184,84.30205594,54.56511674,19.76534826,165.0963452,52.97050589,36.71013281,42.62739207
185,84.66314331,54.80494055,19.44125257,165.8153742,53.15985182,36.6122154,42.65385438
186,85.73976536,55.08739454,19.97019395,167.7326267,53.66588177,36.97571132,43.01825407
187,86.0115346,55.26042947,19.63573832,168.6408195,53.68482208,37.00814513,43.00944584
188,85.9549103,55.04301967,20.29815223,167.7292764,53.96894496,36.84555639,42.89568546
189,86.41652507,55.24302936,20.25278872,168.3751357,54.03932082,36.98767418,43.00628033
190,86.9661187,55.98056755,19.79098096,169.9320567,54.11576645,36.92057944,43.02620263
191,86.69862621,56.12241253,19.69145294,169.5727419,53.82027341,36.85684446,42.83606976
192,86.87603566,56.58766524,19.71284234,171.0228834,53.96680578,36.94722391,42.8446445
193,86.91208611,56.14589887,19.83038979,169.8553708,53.88215046,36.83087557,42.66886527
194,86.66090975,56.20945026,20.03897397,170.0868452,53.99239823,36.8012492,42.62182684
195,87.44326261,56.92358373,19.96236495,172.0178161,54.07543654,36.87567259,42.77147374
196,87.23331218,56.50226316,19.77019032,171.475549,54.15911515,36.78758637,42.52189247
197,87.59991866,57.1735206,19.29332868,172.3421557,53.99607078,36.7076473,42.59622922
198,88.41954896,56.99066333,20.44561005,173.0297781,54.51723794,37.01003486,42.86064579
199,88.47169735,57.1638681,19.74141696,172.8735326,54.47513581,36.93817898,42.71860827
200,87.82284471,57.29797969,19.55174717,172.5006342,54.11233375,36.63556875,42.4064608
201,88.52867737,57.57964737,20.00526113,173.8847206,54.4564553,36.7561765,42.54454867
202,89.20096514,57.8047919,20.32489358,174.452952,54.86499317,36.91075371,42.69597995
203,89.99521609,58.0484988,20.20142911,175.6181329,55.12365591,37.06279562,42.95384946
204,89.33141585,58.25949909,19.78862132,175.9877566,54.61818268,36.84390727,42.50278658
205,89.44941859,58.18661914,20.1721319,175.3737593,54.8899383,36.71931609,42.43494137
206,89.96798151,58.37118183,20.50219002,175.7384776,55.07467674,36.91352542,42.69102214
207,90.73204076,58.74270962,19.86036561,177.6115773,55.49600496,37.01155857,42.81541908
208,90.54210786,59.07748019,19.74551896,178.5927994,55.07128899,36.89542849,42.55216848
209,90.58590412,59.3837432,19.7728389,178.8923089,55.08771893,36.89596053,42.51369593
210,90.64886402,59.28037817,20.44379992,179.1993469,55.53272868,36.9024254,42.55630432
211,90.49121935,59.0017338,19.92540795,177.8873094,55.34741804,36.82920458,42.32964394
212,91.26187055,59.67888421,19.81627139,180.052785,55.46013391,36.89188487,42.45601518
213,92.50242679,59.70333109,20.71815387,180.9269912,55.85772103,37.22635234,42.83482606
214,91.19272618,60.2987772,19.31090093,180.7740229,55.15728206,36.80300549,42.20526754
215,91.22226371,59.77624465,20.10702677,179.8253803,55.3703539,36.85501973,42.24490727
216,91.87668755,60.25301095,19.80335806,180.8920327,55.49986575,36.84465002,42.27373927
217,92.63034578,60.76707567,20.31162441,184.4438688,56.10410328,37.07213875,42.48518862
218,91.95333133,60.42786694,20.00700611,181.4417227,55.72276727,36.90051149,42.19941313
219,93.27294694,60.41431364,20.88646626,182.0019347,56.37792629,37.15442908,42.53666563
220,92.21814627,61.08284283,19.52428159,183.178061,55.77044763,36.79615819,42.04260383
221,93.1754423,61.09983264,20.38980913,183.5582682,56.09680139,37.05307067,42.31061929
222,93.74554511,60.94488178,20.32633136,182.9798721,56.30592867,37.01595968,42.53284724
223,93.48681658,61.24165189,20.39326248,184.6714216,56.33782816,36.98982964,42.2237081
224,93.98746963,61.84617905,20.2478111,187.1487109,56.47302378,37.1072817,42.32617335
225,94.0842561,61.98263286,20.01246558,186.2306249,56.34195303,37.00305699,42.26130913
226,93.68117066,62.31911846,19.68059149,187.4940851,56.15942362,36.85128795,42.02675925
227,94.7031487,62.40265104,20.6803359,187.9659552,56.43369859,37.00875572,42.2654252
228,94.05531855,62.44658135,19.93478748,187.3282942,56.2273109,36.93124164,41.95315264
229,95.60932014,62.98574932,20.47719107,188.4466034,56.71057785,37.15955403,42.47454159
230,94.41806504,62.4354437,19.93061756,186.247367,56.58485958,36.79817048,41.94936795
231,94.81997599,63.03809151,19.87991244,188.8750042,56.45082776,36.90121728,42.00346185
232,94.42451972,62.93053105,19.74844787,187.964539,56.54389183,36.81045927,41.73078372
233,96.14425064,63.33858672,20.16542411,189.395574,57.06133245,37.13700187,42.32526439
234,95.48601409,63.32489007,19.80239437,189.9913419,56.95227547,36.91313105,41.94932459
235,95.67780257,62.95291008,20.48552453,188.576025,57.32129029,36.98302745,41.92612469
236,96.30196128,63.39312613,20.45438095,190.531035,57.30318015,37.13027588,42.05649385
237,95.94597923,64.00212971,19.71351966,191.3591221,56.98315297,36.95092067,41.82490344
238,96.61590831,63.58718896,20.47600278,190.7823184,57.37958356,37.1482643,42.04185677
239,96.20134358,64.65838173,19.79041193,192.4869209,57.09895798,36.8951582,41.78300103
240,97.14247475,64.09678261,20.84332913,192.1472248,57.5971726,37.18867522,42.00497429
241,97.23820348,64.24642674,20.261904,191.3561386,57.59258166,37.01090194,41.95019205
242,97.85214828,64.44249788,20.50746763,192.4901688,57.89158243,37.24821562,42.08458099
243,97.33517092,64.84586647,20.25641655,195.0685198,57.89205666,37.16403887,41.82100054
244,97.99579261,64.56403109,20.92223564,194.4036245,58.04886699,37.16707886,41.9865265
245,98.59955395,65.10196869,20.25142489,195.2546487,58.32364547,37.22968894,42.0942933
246,97.83014681,65.19770848,20.2025177,194.9708362,57.59490639,37.04014792,41.69526168
247,100.2572489,65.60842468,21.11753436,197.7342668,58.60282892,37.59902775,42.39843821
248,99.34576958,65.62913129,20.97332659,196.3750691,58.36960017,37.32076936,42.07208798
249,99.25239998,65.90048805,20.2216594,197.6289313,58.25733465,37.25597234,41.93925088
250,100.1809297,66.53569472,20.64133356,199.4169758,58.56978779,37.35568304,42.20119571
251,99.25799246,66.38335256,19.99614309,198.0869323,58.1734799,37.13358918,41.80227493
252,99.68957374,66.38241051,20.37394133,198.8014496,58.4559228,37.19740919,41.88407247
253,99.95221006,66.7740424,20.4186434,198.8681241,58.41384753,37.21988566,41.89388804
254,99.61331066,66.52665238,20.07908718,198.7371559,58.40276885,37.10648899,41.61672545
255,99.90804929,66.68203643,20.44043574,199.4046305,58.43325298,37.16413307,41.77354132
256,100.3089144,66.51566234,21.1798292,200.5025933,58.85068774,37.27698009,41.7735765
257,100.2517104,67.16265362,20.68565445,200.3805567,58.74901955,37.12462063,41.69947913
258,100.6227307,67.0061129,20.93910038,199.5931735,58.70968006,37.22312751,41.75643218
259,100.8412191,66.84655274,20.89769339,199.6401225,59.02326907,37.20745226,41.72999264
260,100.6580345,66.85675478,20.56232516,199.0688295,59.05176116,37.1705911,41.65530758
261,101.3992438,67.59927683,20.51268102,201.285962,58.88426833,37.16861861,41.80057311
262,101.9774642,67.73347617,20.97512736,202.5643883,59.48185789,37.39768105,41.85673841
263,101.7321071,68.28447518,20.64137433,203.944596,59.28585362,37.3026849,41.73172023
264,102.9988892,68.49304338,21.10423268,204.0504674,59.27417796,37.47800572,42.09356188
265,102.3738953,68.52108541,20.30443857,202.7022901,59.30850328,37.35354952,41.72769079
266,103.395977,69.03651621,20.52138819,204.7370736,59.3847921,37.5432022,42.02505548
267,103.0552629,69.00509734,20.64952855,205.6744196,59.40280981,37.42520415,41.81214681
268,102.8301112,68.53818471,20.61319174,204.0240286,59.58932391,37.42332982,41.71024892
269,101.4290955,68.87208285,20.25206573,204.9929771,59.10737848,37.0103988,41.21706425
270,103.188477,69.79084803,20.13584778,208.1241236,59.44223204,37.4170261,41.61096037
271,103.6374765,69.37243335,20.68451876,205.3911201,59.77451419,37.38937121,41.77992366
272,102.8263112,69.05059902,20.51382938,205.0711626,59.49089911,37.2276844,41.42408462
273,103.5633937,69.28851707,20.86772208,206.7951587,60.09352426,37.30386315,41.59477798
274,104.3104494,69.81781594,20.63256101,206.6942758,60.04726494,37.45742405,41.7443528
275,103.4369289,70.0641491,20.51676223,209.1798981,60.0609071,37.28308654,41.42204915
276,103.9648489,69.94901018,20.9144306,207.9641619,60.1326967,37.38754513,41.5146921
277,104.53471,69.76646105,21.39671776,207.3950321,60.25648961,37.47004334,41.59945316
278,104.764473,70.78608611,20.93800968,210.9710662,60.28937445,37.42559809,41.63805852
279,105.3964706,70.46380668,21.1108352,210.7847328,60.52991113,37.54328472,41.77513783
280,105.1281197,70.66180327,20.59751804,209.4839156,60.3125989,37.45443342,41.61481689
281,104.6972986,70.59947602,20.35945194,210.1609897,60.20793334,37.25048108,41.35968624
282,105.2669657,70.94002114,20.37438564,209.792587,60.5926075,37.47467957,41.4863363
283,105.7387478,70.9351514,21.04490358,211.4336857,60.89009855,37.58731692,41.55171589
284,106.4607231,71.53995845,20.37760476,213.0647646,61.14348282,37.6249482,41.7053474
285,106.1877579,71.60708723,21.21950552,212.7603635,60.87230549,37.48478971,41.51826944
286,106.2361589,71.53317333,21.46156887,213.0189191,60.82366756,37.60307354,41.55972006
287,107.4159708,71.98742726,21.06247167,213.9399677,61.12388182,37.70249027,41.83185658
288,107.7433492,72.14229954,21.31669274,214.0381804,61.31780904,37.86020375,41.81011107
289,107.9434436,72.66884445,20.50272494,214.5077944,61.28660166,37.71380279,41.78008325
290,106.1030058,71.82701489,20.65699675,212.0743617,60.66000118,37.45938035,41.26865272
291,108.47384,72.94780407,20.77136746,216.9694802,61.81279996,37.69676287,41.83288024
292,107.7644085,72.69924855,21.53819339,216.5825765,61.61416508,37.69348054,41.62277897
293,108.587367,72.23749771,21.34123283,214.9277617,61.69637129,37.80244796,41.77995509
294,109.4131146,72.63435009,22.06915323,217.7245098,62.03167623,37.90233118,41.93796296
295,108.5043837,72.68411678,21.57153724,216.3658071,61.93824059,37.79995896,41.6198215
296,108.2814916,73.28585117,21.24898102,218.8652518,61.70654896,37.72175026,41.4598887
297,108.8503565,72.81112392,21.1910228,216.8081913,61.98255534,37.78948802,41.53591511
298,108.6445987,73.03414475,21.45158658,215.9530134,61.9495692,37.68708328,41.40694019
299,108.9612484,73.22864669,21.10847295,217.6211737,62.08451035,37.73622234,41.51439225
300,110.0237865,73.86128745,21.651488,220.3264674,62.33067674,37.85339371,41.69055242
301,109.9582219,73.99287136,21.45972442,219.7733118,62.41604383,37.84894028,41.59732911
302,110.2536742,74.46265722,21.28319587,221.452015,62.13869045,37.81284511,41.61710861
303,110.7995233,74.08540758,22.00913295,220.6876273,62.82020231,38.03763368,41.78100356
304,110.0812435,74.83706211,21.42962948,222.1914897,62.12710187,37.87593644,41.4549589
305,109.7734235,74.25077973,21.65220107,219.876691,62.30829225,37.73904979,41.2822081
306,111.2656081,75.19220367,21.56390703,224.5467268,62.47292888,38.04189996,41.68987703
307,110.7266845,75.18715762,21.13670714,223.8157598,62.51176956,37.91522673,41.45502209
308,111.2016607,75.09817462,21.06411715,223.18454,62.39209449,37.83917508,41.52511167
309,112.1506452,75.58258791,21.03267986,223.8650853,63.07768774,38.08766887,41.75920097
310,111.0148285,74.91654719,20.94191925,223.2005519,62.73951375,37.82190493,41.33802583
311,111.6993657,75.66400399,21.10814057,224.7386141,62.95670352,37.91301887,41.47102697
312,111.2126261,75.27315456,21.22179584,222.167874,62.68644684,37.85561206,41.29335712
313,111.2370511,75.28243658,21.6558032,222.7679991,62.80741828,37.85771567,41.24785563
314,111.8553683,75.68816015,21.71898518,224.44256,63.2460413,37.92130573,41.35032879
315,111.9529409,75.60239266,22.16820638,224.124703,63.14396027,38.03132151,41.3079807
316,112.132029,75.44597066,22.00248106,224.3801834,63.42384292,37.92318594,41.28003469
317,113.1044006,76.6035855,21.53723023,227.4271099,63.5531386,37.98449913,41.46064636
318,112.7047823,76.6009964,21.40269408,227.0235371,63.35022253,38.0215039,41.31823411
319,113.9343494,76.7936155,21.68702003,227.7668371,63.70169951,38.19626299,41.61553272
320,113.6011413,76.32436953,21.73853329,225.428686,63.52294154,38.12679345,41.46000429
321,113.4509961,77.30389824,21.38163406,228.6323111,63.44209086,38.01206797,41.39132101
322,114.1621647,76.79888081,22.43633975,227.9387775,64.04979037,38.24489473,41.54828652
323,114.5875543,77.43572865,21.62594716,228.1866429,64.07030543,38.19395323,41.56506872
324,114.2707193,77.36908369,21.46032743,227.2877345,63.70328902,38.19673713,41.45032229
325,114.4035841,77.55621077,22.00315219,228.6316331,63.98747893,38.06170335,41.43828563
326,114.1255877,77.84035942,21.7689924,231.4326055,64.03046996,38.15830703,41.2658113
327,116.0959456,78.06854754,22.19143056,231.7072792,64.31794838,38.45822571,41.7587265
328,114.5387566,77.66106982,22.15764072,229.6828207,64.09029592,38.0541338,41.25378288
329,115.0327876,77.89592627,21.73115055,230.9093858,64.37888286,38.13776283,41.34521405
330,116.2914484,78.3090489,22.06243054,231.1463283,64.55360778,38.44894636,41.68876735
331,115.5608262,78.36264871,21.86437524,231.3842149,64.09506743,38.24046021,41.39461448
332,116.004072,78.38985082,22.01960115,232.6452278,64.86465672,38.31097143,41.4830587
333,116.4256114,78.77838749,22.56156485,234.2584629,64.78217423,38.29447767,41.47791981
334,116.4919283,78.68752235,22.62435954,233.7695793,64.51032065,38.41344198,41.56078181
335,116.0907428,78.84088127,22.15369997,232.9400309,64.6501397,38.23622801,41.36513556
336,116.8832398,79.22921976,22.74006802,235.3540611,64.94128451,38.45275449,41.50357545
337,117.3052924,79.91560999,21.82847721,237.1066079,64.88428377,38.42599763,41.57145471
338,116.8936257,79.45691337,22.2917431,235.2913525,65.07797663,38.30976603,41.38094121
339,117.0605758,79.44321115,22.23641853,236.4723495,65.08056223,38.48124378,41.41481901
340,117.8067447,79.91305104,21.88495825,235.6272607,65.08528562,38.36045887,41.5217074
341,118.1457754,79.71462206,22.50084745,235.8124887,65.6044332,38.52115509,41.56070672
342,116.9912879,79.62852096,22.00254202,236.3670444,65.37602403,38.31098044,41.21202744
343,118.6408291,80.17461992,22.63482953,238.0214516,65.65337297,38.56616066,41.55466728
344,118.3588964,80.26259378,21.67888595,237.3860279,65.65751359,38.39506538,41.49602176
345,118.4649779,80.61004841,22.38038294,238.2784205,65.54981244,38.42768186,41.4016292
346,119.0150092,80.07322473,22.60662345,237.4044712,65.91164957,38.50904218,41.51533862
347,119.181376,81.34168172,21.41704134,239.8848242,65.63094644,38.42471535,41.59736147
348,119.2668877,80.78330417,22.07429174,240.3420301,65.98508775,38.50124203,41.39579028
349,118.9870524,81.03075271,22.49032181,239.292027,65.71962177,38.45646196,41.37318718
350,119.7678883,81.37867917,22.76220471,240.4657084,65.88898315,38.69569148,41.55669735
351,118.2265513,81.29251561,20.96701456,239.3305462,65.56135081,38.29920649,41.05244871
352,120.0613787,81.49015439,22.83165665,241.2534658,66.00652095,38.62482294,41.39082278
353,120.098272,81.33299652,22.84822671,241.3667756,66.3294933,38.66127243,41.42310302
354,120.4278672,82.18083782,22.45510133,242.1456448,66.43010704,38.63737174,41.48090741
355,120.462062,82.07216249,22.61733513,241.8796173,66.35091846,38.66147322,41.39504706
356,120.3035132,81.77915806,22.72626677,241.6169922,66.55375612,38.66921114,41.32827454
357,121.0280701,82.82274129,22.15733819,244.8526885,66.21954217,38.72702036,41.49897712
358,121.0134273,82.17573121,22.59478235,242.5886691,66.57389903,38.69981274,41.37717301
359,121.8081937,82.93091075,22.89173344,245.6417385,66.63843544,38.8449699,41.52300811
360,121.1453547,82.79786528,22.23908699,243.7582762,66.46802677,38.70523935,41.35265697
361,121.8718456,82.35588463,23.42361833,242.5159514,66.78558966,38.79589857,41.4212277
362,121.6649906,82.76066729,21.94855182,244.1637132,66.81784041,38.64639609,41.37144512
363,122.9416568,83.20009472,23.2287058,247.1743346,67.34808903,38.93759277,41.58183527
364,122.9889941,83.47189157,23.23990415,247.9819012,67.43192832,39.01996476,41.62455527
365,121.7788584,83.57090466,22.00509242,246.1947274,66.56218962,38.6047853,41.21808136
366,123.5887315,83.68526336,23.31342983,248.5382193,67.68110314,38.97259328,41.66225791
367,123.2358691,83.92215767,22.72945094,248.0005845,67.74380998,38.89345426,41.48837774
368,123.2683752,83.67684663,22.764617,245.6134078,67.45819348,38.97733653,41.42282739
369,122.9248988,84.2703464,22.99592544,249.3089253,67.29669424,38.8839531,41.36390523
370,124.0791912,84.61730194,23.41886371,249.5121848,67.3271905,39.09421636,41.62308987
371,123.2117117,83.92647931,22.6226623,248.7590757,67.40235085,38.82457281,41.27711116
372,124.5578329,84.66246351,22.77933469,249.5022977,67.56098819,39.09060688,41.57088223
373,123.8130386,84.37392788,22.8034937,248.918464,67.48650479,38.97130768,41.33554791
374,123.9336981,84.1114482,23.14796425,248.2306317,68.01210281,39.01446979,41.34803461
375,125.4752195,84.95939715,23.47978687,251.3118236,68.32865974,39.34069402,41.72564764
376,123.5391461,84.82549858,22.50800514,249.3182621,67.68578394,38.86361086,41.1228331
377,124.5599337,85.15491618,23.13161067,251.6530839,68.23090055,39.12953386,41.36795969
378,125.4361613,85.48274584,23.83193415,252.3931104,68.2745088,39.21033052,41.50063129
379,124.7114113,85.63773018,22.76122302,252.3075306,68.20458087,39.08035532,41.26461605
380,124.5226456,85.08043061,22.54744059,250.9784717,68.07502804,39.00505034,41.20958306
381,125.0222984,86.32250145,22.25418415,254.6253293,68.04997288,39.01476963,41.24085166
382,126.5339494,86.34878155,23.22353588,256.17389,68.25159956,39.24079466,41.57080364
383,125.0935462,85.15887657,23.10868807,251.4945235,68.15362712,38.98542703,41.17998349
384,126.5444999,86.19606035,23.38755515,253.8665614,68.49823836,39.26947654,41.45054803
385,126.0029617,86.8798879,22.71458165,255.1704542,68.45993216,39.16703934,41.31549842
386,127.2583743,86.76287064,23.5954029,256.4977993,68.71963372,39.35074241,41.58350987
387,126.1870015,86.60040719,22.44329805,254.0536076,68.39230647,38.96742935,41.20082661
388,127.1380106,86.65894743,23.11511743,255.5123132,68.91072893,39.19071042,41.43776597
389,126.9723685,86.58511474,23.56350802,256.4622789,69.18751657,39.34368902,41.38610251
390,126.9507261,86.91375787,23.05948967,255.0902342,69.0446015,39.24970006,41.25148085
391,126.153148,86.81283797,22.16445041,255.8833268,68.95019404,39.07253342,41.01255872
392,126.5067717,86.36669015,22.67563324,254.6890865,68.97837515,39.13872657,41.12610076
393,128.0140697,86.86744887,23.63272132,256.5574997,69.48947751,39.44616929,41.4081601
394,128.5553032,88.08886559,23.29266229,259.6265564,69.53466946,39.37783897,41.49304557
395,126.9059752,87.14917834,22.62553175,258.5735202,69.12494643,39.06966881,41.07932715
396,127.9448186,87.580591,23.23847836,257.6447825,69.54533833,39.29488625,41.27911232
397,128.7267441,88.08349294,23.97634175,260.7316029,69.91197023,39.42055538,41.40623051
398,128.8519931,87.84041086,23.70777931,259.666933,69.99212198,39.51798712,41.39007868
399,128.2244738,87.5750225,23.35207217,257.7202036,69.92278062,39.20499983,41.16148251
400,128.3462095,88.58161986,22.78874682,262.3364671,69.33740815,39.21988369,41.15295089
401,130.4686733,88.5417921,23.45294946,260.7437963,70.22241282,39.61636593,41.6483759
402,128.3216807,88.32760871,23.17158663,259.6706009,69.345758,39.33689068,41.1169059
403,128.7826426,88.15655237,23.29440269,260.3203092,69.56803165,39.33095292,41.10654739
404,127.7862356,88.18847721,23.4355599,259.8716828,69.63135693,39.13398441,40.90667491
405,129.6429025,89.21141247,23.35754911,262.5496872,69.8971777,39.43489265,41.30387462
406,130.5717356,89.47085788,23.17757397,265.0777376,70.33655543,39.62290792,41.46758074
407,130.039974,89.6223186,22.97265012,264.4958848,70.04151935,39.412995,41.28528955
408,130.5104889,89.07487048,24.29646089,262.7325478,70.69576964,39.51329284,41.40149843
409,130.8386004,90.09764363,23.43028215,264.0646012,70.41836896,39.61641782,41.41148834
410,130.6998382,89.18333779,24.26962959,263.3023284,70.51844974,39.51974114,41.31036679
411,130.8095015,89.4795046,24.57382598,263.9098363,70.50508128,39.56026316,41.30983914
412,130.3748209,89.80715063,23.27374882,263.692401,70.59445204,39.45809904,41.1779914
413,131.9350326,90.51148256,23.83314959,265.753469,70.74742033,39.73178898,41.4683826
414,131.2077703,91.2190501,22.97967055,267.7077794,70.64276673,39.60065858,41.31317496
415,131.6050552,90.36995453,23.78075769,265.1246444,70.75289917,39.57742745,41.30336365
416,131.945405,90.38968632,23.37251101,265.9531751,70.63073062,39.6900022,41.31476524
417,131.8321049,91.52041394,23.75199674,269.3818359,70.56143981,39.70399477,41.34688993
418,131.9525813,90.65602271,23.97384301,267.4097528,71.25178889,39.75878345,41.26190324
419,132.8883274,90.65770918,24.32443312,267.9022134,71.34995957,39.85889359,41.51046032
420,132.7421936,91.31937599,23.28211415,268.6954937,71.03336491,39.73345483,41.3682864
421,133.4916412,91.91154698,23.69089335,269.6333627,71.12039859,39.85582421,41.55288348
422,132.5823071,91.89162469,23.86694959,270.4490054,71.10075147,39.87315778,41.24015365
423,133.428411,90.76743416,24.90841147,267.834958,71.53607735,39.82860502,41.41246974
424,132.8059703,91.09842651,24.47386339,267.9291942,71.57312143,39.76886263,41.25164266
425,134.5898087,92.23549347,23.75535968,271.7773968,71.50555123,40.03421288,41.56664702
426,133.140871,91.45341896,23.89615038,270.4228178,71.90229919,39.66516726,41.20782731
427,134.8889006,91.5058395,25.17127735,271.9928152,72.11629677,40.07569909,41.60383924
428,134.6070219,92.41193883,24.37732049,272.9621339,71.69586977,39.99839311,41.43820617
429,133.3042716,92.01346737,23.92789626,269.9239019,71.55628598,39.84385822,41.14735749
430,135.3817727,92.71803732,24.61008833,273.1235034,72.01437638,40.09570799,41.58081979
431,134.8800449,92.43691991,24.65841786,272.2271411,71.85400095,40.03770676,41.44263441
432,136.6290472,92.96166469,25.20618213,275.3815159,72.59196899,40.2990931,41.79088057
433,134.5046727,92.49297155,24.11130304,272.6693878,72.15960421,39.91363577,41.22032427
434,134.7669213,92.95507873,23.82183042,273.9485422,72.08719822,39.96972661,41.22558557
435,134.685254,93.24407083,23.4146319,272.7783802,71.9499526,39.9618842,41.16884126
436,137.6469315,93.49083132,24.75780163,275.2284614,73.21923675,40.40059979,41.81940496
437,135.9521096,93.50038058,24.11768434,274.76949,72.60168297,40.12624782,41.42126466
438,135.6440232,93.17219434,24.03808021,273.4408745,72.5055957,40.04414452,41.27816687
439,136.5735276,92.83585768,24.62482155,273.3440296,72.93536807,40.09961737,41.46155735
440,136.8140045,93.8431365,23.85592091,275.9011758,72.72359983,40.22888316,41.46371287
441,136.2136372,93.7610062,24.33526235,275.1124349,72.71723206,40.06361787,41.29186475
442,137.2885375,93.63173208,24.58234381,276.6179177,72.92829325,40.38202663,41.45202823
443,136.6437389,93.61945565,23.21763125,274.5172883,72.42684531,40.21620049,41.36231032
444,137.3661044,94.76331506,24.24874105,278.2758925,72.97216504,40.29544144,41.42876196
445,137.2174958,94.6542953,24.38497045,279.1920925,73.03248086,40.31184289,41.3505445
446,137.1133027,94.67334193,24.32751869,276.4471342,72.80542779,40.14442193,41.27084295
447,137.9653298,95.53252792,24.23586281,281.6007778,72.91795157,40.25749357,41.4453844
448,136.2401304,93.97151651,24.6045118,275.7231724,73.2766147,40.1538758,40.99604127
449,138.2421933,94.71011172,24.69294804,279.3574685,73.41229703,40.39867024,41.40175715
450,138.5844417,94.93306056,23.6919029,278.2298626,73.4816913,40.27320446,41.42400454
451,138.1428707,95.17466754,24.05314885,280.3202788,73.24868894,40.33655552,41.30518179
452,137.5372252,95.58090664,23.05825942,279.7405142,73.04394975,40.14977985,41.14965591
453,139.563634,95.93185661,24.40011641,281.2219831,73.62544555,40.45270714,41.55911011
454,138.5542767,95.3792774,25.18101787,282.7089835,73.64979043,40.26177624,41.29092652
455,140.1448695,96.06568683,25.50658121,280.0473038,73.92271114,40.65579994,41.63495527
456,138.4660738,95.68749963,24.38601826,281.0712804,73.76715759,40.37939548,41.19070593
457,140.1331027,96.53896632,24.35523756,281.787207,73.91458508,40.48292882,41.45956748
458,140.6437861,97.05575426,25.17320268,285.4728046,74.14321196,40.62278175,41.56290021
459,141.6069598,96.92795583,25.39383556,285.1199001,74.57309993,40.84618013,41.7628004
460,140.3635195,96.10290472,24.4709594,282.9747508,74.22608064,40.55337228,41.46715986
461,140.371866,96.2872359,25.10617468,284.9403261,74.27206148,40.60052282,41.43747175
462,140.5720511,97.58520541,24.19274488,287.2483692,73.80034872,40.48240606,41.39712404
463,141.1988445,97.21563124,25.25806359,285.5893961,74.60666231,40.77973693,41.54262003
464,140.3437216,96.89084623,24.72547994,284.6656339,74.1080623,40.59480738,41.26865734
465,141.8135848,97.33274967,25.34237248,284.5875489,74.56096692,40.66337685,41.62704019
466,140.7802365,96.84700317,24.86368316,284.7523596,74.5479754,40.69489924,41.31900489
467,142.5367293,99.05606497,24.371451,290.7561343,74.88394315,40.75073856,41.65411688
468,141.0446478,96.95903662,24.53679851,284.9531319,74.64114098,40.62354128,41.26870264
469,140.4296658,96.782444,24.11378502,284.0617654,74.56681839,40.53715762,41.14601977
470,142.339284,97.48380664,25.37682596,287.4865761,75.31828905,40.78898536,41.53079148
471,141.7338118,97.7154631,24.40949749,286.2317502,74.52609499,40.6008851,41.34642188
472,141.5684913,96.99800108,25.95733643,287.7310739,75.19825431,40.67754278,41.31172248
473,142.525939,97.88450912,25.71401856,287.9694831,75.2567234,40.81958368,41.45232925
474,143.2721172,98.50035508,25.52939644,290.8637933,75.24651305,40.93325299,41.58324756
475,142.2215497,98.09898133,24.86582919,288.6399205,75.54398226,40.50738821,41.32055919
476,143.47923,99.27439916,24.65603462,291.5583886,75.36208361,40.83222676,41.54642338
477,142.5752439,98.3252165,25.19789766,289.6153293,75.19170168,40.74271335,41.33658509
478,144.0801099,98.6821202,25.79860895,291.9784443,76.07471616,40.96656367,41.60262217
479,145.0138513,98.56665209,25.77193633,290.8812921,76.26797078,41.07811161,41.76321522
480,144.5699855,99.62021293,25.61237978,291.5165856,75.54409531,40.98497946,41.70767582
481,144.0792089,99.48840349,24.66373374,289.9855531,75.50891995,40.8294685,41.47519847
482,143.9058012,99.70987213,24.52019288,292.1097568,75.52565831,40.85451232,41.42509928
483,144.4606398,99.5577982,25.55314501,292.4137229,75.80084516,41.01527173,41.47304643
484,145.9946859,99.8155231,26.60855476,294.2214822,76.49973212,41.25211072,41.78551332
485,143.9918904,100.5780107,24.251594,293.5890696,75.27597346,40.86706739,41.33945969
486,145.7152276,99.92794697,25.95645358,293.1759025,76.30187807,41.16849262,41.66792513
487,145.1280549,99.95837731,24.99365692,293.7426811,75.94446055,41.12614223,41.49441019
488,144.7220536,99.81375719,24.96021885,293.6123129,76.15238682,40.94651514,41.46407741
489,143.1778593,99.04380701,25.26990805,291.3403768,75.98671011,40.7092738,40.98575617
490,147.2820423,101.0452564,25.99771456,296.3035345,76.87423469,41.34782987,41.89734174
491,146.4496593,100.9983275,25.88834235,297.4365257,76.40876865,41.12341219,41.60572473
492,146.6213405,101.1160832,25.84162418,296.6275184,76.5584083,41.10881912,41.6253799
493,146.2961726,100.5713547,25.7180695,296.0250794,76.32089654,41.17523651,41.52169328
494,145.9285118,101.3543833,25.17990582,298.091381,76.28859565,41.12404346,41.4408421
495,146.0024652,101.4277415,24.79745602,298.4199973,76.64146266,41.06360283,41.37843674
496,147.1489535,101.2064385,25.66389668,297.1708356,77.10200864,41.24833904,41.62441392
497,146.2771842,102.0009447,24.01886387,298.1049457,76.52548385,41.1069086,41.36863948
498,147.9282987,101.0610483,26.13203915,296.899176,77.39880976,41.31834263,41.70655505
499,147.3430868,101.3450222,25.92383751,296.7880619,77.19297322,41.2665752,41.57306554
500,147.3097639,102.5888512,25.46334288,300.1215552,76.69005802,41.23164883,41.50497903
